Gender,Age,Ethnicity,Image
male,12-18,middle eastern,uQI_g4oR.jpeg
female,12-18,middle eastern,9JSSnLyY.jpeg
female,12-18,indian,G5NGzf7a.jpeg
male,50,middle eastern,kb72M_iu.jpeg
male,26-35,aisan,ax-zzlL3.jpeg
male,19-25,black,IR-ZAj21.jpeg
male,35-50,black,SA_0Yn_R.jpeg
male,19-25,black,PkVZRLiP.jpeg
female,26-35,middle eastern,2RZSnyTO.jpeg
male,26-35,middle eastern,swVcwcFh.jpeg
female,50,indian,WrWz1fuS.jpeg
female,50,indian,l6_VMp4S.jpeg
male,12-18,black,RiBs9L6c.jpeg
female,19-25,middle eastern,Kgh6536z.jpeg
female,12-18,indian,WWjBl17c.jpeg
male,19-25,aisan,Q7wiJv_b.jpeg
male,50,black,OdTglmNi.jpeg
female,50,indian,wZyuG342.jpeg
female,12-18,indian,p7PCpplM.jpeg
female,26-35,white,0xXkvPEZ.jpeg
female,26-35,middle eastern,Sf8zc7Ja.jpeg
female,50,middle eastern,NPC-7i8O.jpeg
male,12-18,middle eastern,4HhTO_IS.jpeg
female,50,aisan,Lr7dbJWL.jpeg
female,26-35,black,Zw286Sgi.jpeg
male,26-35,white,eyOoL4ut.jpeg
female,19-25,latino hispanic,yCKJLnTi.jpeg
male,50,white,PxneaKUF.jpeg
female,26-35,white,-VSqba5G.jpeg
female,12-18,middle eastern,0Hh_Sg1K.jpeg
female,12-18,latino hispanic,67o1m7yG.jpeg
female,50,middle eastern,90TT2AsY.jpeg
male,50,middle eastern,T-NNFcxN.jpeg
male,26-35,latino hispanic,-XCHFlgG.jpeg
female,12-18,black,4GAPe63J.jpeg
male,19-25,latino hispanic,fEJowKhe.jpeg
male,19-25,black,OodxvtUY.jpeg
male,19-25,latino hispanic,5j4s8lsQ.jpeg
male,50,middle eastern,sRZERGQC.jpeg
female,12-18,middle eastern,HqBho8v-.jpeg
female,50,indian,zTLjtJLs.jpeg
male,19-25,black,IBjlTvnH.jpeg
male,12-18,middle eastern,zXfv8_Hj.jpeg
male,50,latino hispanic,hq96WLsa.jpeg
female,35-50,latino hispanic,9tAYTucl.jpeg
male,50,white,I6TF3xpo.jpeg
female,26-35,latino hispanic,tu1buBMH.jpeg
male,50,aisan,UACGCZsA.jpeg
male,26-35,white,kCvU0-4w.jpeg
male,35-50,white,L_Kdg9Wf.jpeg
male,26-35,white,1gSpKkAT.jpeg
female,12-18,aisan,2iNwrqjb.jpeg
male,12-18,white,70pweaaR.jpeg
male,26-35,black,NznHtBaX.jpeg
male,19-25,white,5fujoi2o.jpeg
female,35-50,white,t56mKmIK.jpeg
male,19-25,aisan,IWx0AzY3.jpeg
male,19-25,latino hispanic,d0veey5j.jpeg
female,50,black,uAtTOe0-.jpeg
female,50,aisan,WGUAUnFe.jpeg
male,19-25,black,AqBur81J.jpeg
female,12-18,latino hispanic,QOHhqOb7.jpeg
female,12-18,middle eastern,CPhROUME.jpeg
female,19-25,aisan,SF3Ihz8l.jpeg
female,35-50,middle eastern,JBS4FBrz.jpeg
female,12-18,white,ao-mgjsv.jpeg
male,19-25,middle eastern,n8Q80mac.jpeg
female,26-35,latino hispanic,rtV4LVPR.jpeg
male,26-35,black,YFmVr4bl.jpeg
male,35-50,black,iajAqErx.jpeg
male,12-18,latino hispanic,WmNXdsqj.jpeg
male,50,white,ZW3yZEsy.jpeg
male,12-18,latino hispanic,80qOolBK.jpeg
female,12-18,latino hispanic,vYvTOVVq.jpeg
female,50,latino hispanic,W7u5S63P.jpeg
female,12-18,aisan,g901q0Rz.jpeg
male,26-35,indian,YC79BN4q.jpeg
male,50,aisan,76i4DWD6.jpeg
female,19-25,black,tJBu1bhf.jpeg
female,50,indian,SfdfRYSS.jpeg
male,26-35,aisan,MphHR1UV.jpeg
male,19-25,latino hispanic,sR_75MNK.jpeg
male,19-25,latino hispanic,Bh-Z4DRI.jpeg
male,26-35,aisan,Sw4i0ONk.jpeg
female,26-35,latino hispanic,E05DsSKe.jpeg
female,50,white,OUgnN5dQ.jpeg
male,26-35,white,dtEaVwTJ.jpeg
male,26-35,latino hispanic,-ZqISzHW.jpeg
female,26-35,middle eastern,f3Ocnjxp.jpeg
female,50,black,nMId0e8X.jpeg
male,12-18,black,7rxyr55l.jpeg
female,19-25,indian,Tw7177zC.jpeg
male,26-35,middle eastern,EXdl0qkQ.jpeg
male,50,indian,E1MdMw0w.jpeg
female,35-50,middle eastern,lSG4Yop5.jpeg
female,12-18,latino hispanic,7Io_r1jM.jpeg
female,50,middle eastern,5WPWZ19S.jpeg
male,50,black,mThgR5Pu.jpeg
female,35-50,indian,A0Y5lZH7.jpeg
male,26-35,aisan,ZEnpG5_S.jpeg
male,26-35,middle eastern,1HxcFTbB.jpeg
male,19-25,middle eastern,G6LSxa9F.jpeg
male,12-18,black,XqHwmn8O.jpeg
male,12-18,indian,cGwo7q68.jpeg
male,19-25,latino hispanic,MSWKKWUR.jpeg
male,19-25,indian,C7-MUJYK.jpeg
male,19-25,black,6qyMhc-R.jpeg
male,12-18,indian,vNIWRAUy.jpeg
female,12-18,aisan,TYAH85DJ.jpeg
female,19-25,aisan,nJXveGNs.jpeg
female,50,aisan,n3aCDdsS.jpeg
male,50,aisan,A_ikZRtf.jpeg
male,35-50,white,mpaMeUTX.jpeg
male,19-25,middle eastern,G5NbUtiI.jpeg
female,26-35,latino hispanic,eQIf6-l_.jpeg
male,26-35,indian,KTXlwc9i.jpeg
female,26-35,white,QH3nDu8G.jpeg
male,35-50,latino hispanic,6k9cPFbZ.jpeg
female,35-50,latino hispanic,9H0XmV89.jpeg
female,26-35,latino hispanic,uaO7W3Rx.jpeg
male,19-25,middle eastern,adCjKq6j.jpeg
female,12-18,indian,0LqJ78a-.jpeg
female,19-25,aisan,x8pAk7rf.jpeg
male,12-18,aisan,r64vWy_X.jpeg
male,12-18,aisan,VbetBjKM.jpeg
female,26-35,black,hLqdPnHE.jpeg
male,26-35,middle eastern,9K6ykF9Y.jpeg
female,50,middle eastern,E36XvpT_.jpeg
female,26-35,indian,HNZ0DF1y.jpeg
female,19-25,indian,UNrTh_Oh.jpeg
female,12-18,aisan,LS5sueLW.jpeg
male,50,white,rfVKNJlu.jpeg
female,35-50,latino hispanic,JBu5bhS5.jpeg
female,35-50,aisan,mV9ka5Qv.jpeg
male,12-18,aisan,2v4MUcJi.jpeg
male,50,black,D0YAjVcM.jpeg
male,26-35,indian,TIK9jF7x.jpeg
male,35-50,black,7vDzlJ1u.jpeg
male,12-18,indian,CPADZp6z.jpeg
male,26-35,white,unx68qyv.jpeg
female,19-25,latino hispanic,_mZ8jLM2.jpeg
male,12-18,indian,BfgT7SuI.jpeg
female,26-35,middle eastern,4GM61iXp.jpeg
male,26-35,latino hispanic,PxILyBOQ.jpeg
female,35-50,black,2AOtoWN8.jpeg
male,19-25,white,TlIQd0xg.jpeg
male,35-50,latino hispanic,QsKoFMVw.jpeg
female,19-25,latino hispanic,OvZsIiTT.jpeg
female,19-25,black,MWt9_XOh.jpeg
female,50,black,6kohgCgl.jpeg
female,35-50,middle eastern,9djJWNmc.jpeg
male,50,aisan,M2vkfsNY.jpeg
female,19-25,black,fel_qxYA.jpeg
female,26-35,white,XvLhlM9v.jpeg
female,50,middle eastern,NzFq-SLX.jpeg
male,12-18,middle eastern,7ToHxYXI.jpeg
male,19-25,black,6zYRXiIk.jpeg
female,35-50,indian,EBqFz5Bg.jpeg
female,50,latino hispanic,b2_ZyAHu.jpeg
male,19-25,aisan,gUQig6AK.jpeg
female,50,middle eastern,F4keUeM4.jpeg
female,19-25,indian,4HN8FaSj.jpeg
male,26-35,indian,Xx6OiG89.jpeg
male,50,white,Vso0m2QC.jpeg
male,35-50,white,TkFC8n2C.jpeg
male,12-18,middle eastern,h808aKMN.jpeg
female,19-25,black,HmJrpKtq.jpeg
female,26-35,indian,3EcPOz3C.jpeg
female,50,aisan,bTvEE5xJ.jpeg
female,35-50,black,Z9yLA8g1.jpeg
female,35-50,black,8bqyFs0_.jpeg
female,35-50,black,ZeVq6P4j.jpeg
male,50,aisan,q1s7Tx6_.jpeg
female,35-50,middle eastern,1Y2qR9p4.jpeg
female,50,black,TknQMgQD.jpeg
female,50,black,dG6zGr6t.jpeg
female,26-35,indian,7GuZctbF.jpeg
male,50,black,r9v66i6c.jpeg
female,50,white,2x7_pq1F.jpeg
male,35-50,black,imCsQ1Rq.jpeg
male,26-35,indian,SoQpDWWz.jpeg
male,19-25,white,WCnCr3em.jpeg
male,35-50,middle eastern,lD6vN25F.jpeg
female,19-25,latino hispanic,qcc63P98.jpeg
male,50,indian,03U8YpFp.jpeg
male,50,latino hispanic,4u6QbJMh.jpeg
male,26-35,black,mwnqTvWF.jpeg
female,19-25,latino hispanic,2eHZ_xfB.jpeg
male,19-25,middle eastern,R41YAGiu.jpeg
female,19-25,middle eastern,I4LY8KjQ.jpeg
female,26-35,middle eastern,liMhW1yn.jpeg
male,50,aisan,Q8kgtoKj.jpeg
male,12-18,black,IDCtdROi.jpeg
female,35-50,middle eastern,G5VCAMr_.jpeg
female,26-35,white,gm7aD5T3.jpeg
male,35-50,indian,AR4ifXpt.jpeg
female,35-50,indian,F6HRPcmI.jpeg
male,26-35,white,eDfl4Uia.jpeg
female,26-35,black,LmwY5_h1.jpeg
female,19-25,latino hispanic,aAJ04SH3.jpeg
male,26-35,white,ymu4StSa.jpeg
male,50,latino hispanic,MYkzc4Ap.jpeg
male,12-18,black,eBlKsVYv.jpeg
male,12-18,middle eastern,u5yMCXgi.jpeg
female,50,aisan,2InbH0rb.jpeg
male,35-50,middle eastern,rbtdNwXq.jpeg
male,35-50,white,wPMWuMTO.jpeg
female,26-35,white,nqXvks4S.jpeg
female,19-25,indian,qg5ApGA2.jpeg
female,12-18,white,hmksLYJF.jpeg
female,12-18,indian,uhyPYKOn.jpeg
male,26-35,indian,mimp4FcW.jpeg
male,26-35,latino hispanic,RZ0pF38Z.jpeg
female,50,white,PylcXxUY.jpeg
female,12-18,latino hispanic,67IPRRe_.jpeg
male,12-18,black,eamfHAUf.jpeg
male,35-50,indian,xcvqdcq3.jpeg
female,35-50,white,wO5gmimQ.jpeg
female,26-35,latino hispanic,vRGpKndK.jpeg
male,35-50,middle eastern,L5_ZyCiD.jpeg
female,26-35,middle eastern,P4B424wW.jpeg
male,26-35,indian,i_ajTEu-.jpeg
female,35-50,aisan,ynIsiB8D.jpeg
female,50,black,Ti_sJKtY.jpeg
male,12-18,indian,s8adh0qA.jpeg
male,19-25,indian,DkG2aYAZ.jpeg
male,50,middle eastern,1XAjTgi-.jpeg
male,26-35,middle eastern,7gQUf-Bi.jpeg
male,50,aisan,nCBjN687.jpeg
male,50,black,z7DpA5e9.jpeg
female,35-50,white,EsNEppFs.jpeg
male,19-25,black,s5leF00k.jpeg
male,19-25,latino hispanic,ksc2nxWE.jpeg
male,19-25,latino hispanic,uShqV9Wr.jpeg
male,12-18,middle eastern,Krcdskup.jpeg
male,50,middle eastern,ZFhrldsk.jpeg
male,12-18,latino hispanic,mkqhyaRz.jpeg
female,35-50,aisan,-yrWYiE6.jpeg
male,26-35,white,8J4koBq6.jpeg
male,50,white,hiO09Ue-.jpeg
female,26-35,aisan,AcIyTbvU.jpeg
male,19-25,black,Xbvk-3Qd.jpeg
female,26-35,white,FgevUng-.jpeg
male,12-18,middle eastern,EMpR9NaG.jpeg
female,35-50,latino hispanic,Dtc1ulV0.jpeg
female,35-50,latino hispanic,_DVZKyK0.jpeg
female,26-35,white,L44Da2TP.jpeg
female,26-35,aisan,c3hhQYDh.jpeg
female,12-18,indian,-HDXP3jQ.jpeg
female,26-35,middle eastern,-k5YqGbr.jpeg
male,50,latino hispanic,-h16cMgQ.jpeg
female,26-35,latino hispanic,_UcQEbOl.jpeg
male,19-25,latino hispanic,hCz_fbZc.jpeg
female,35-50,middle eastern,kDfZDMlk.jpeg
female,35-50,aisan,k_TnpCvu.jpeg
male,19-25,indian,fFfzhK_j.jpeg
male,35-50,aisan,LiQnZNWG.jpeg
male,35-50,latino hispanic,FW1CqgeM.jpeg
female,35-50,black,xwZ-9f1K.jpeg
female,12-18,indian,wJk_l1FR.jpeg
male,26-35,white,VkBKUKFK.jpeg
male,12-18,black,vT10gJq0.jpeg
male,50,aisan,-uICTjft.jpeg
male,35-50,white,jJawPz3d.jpeg
female,26-35,aisan,bPgF2Sai.jpeg
female,50,white,vTcxbz2u.jpeg
male,35-50,latino hispanic,mx9XYdQb.jpeg
female,26-35,indian,Kgnmsr4G.jpeg
male,26-35,white,e3I0we8v.jpeg
male,50,middle eastern,ptPLkrPP.jpeg
male,50,white,RIEhoMzZ.jpeg
female,50,aisan,N0j1myfj.jpeg
female,35-50,black,encSUvq2.jpeg
male,12-18,black,0G2CSOyg.jpeg
female,35-50,middle eastern,K6HQgRL5.jpeg
male,19-25,middle eastern,MTWUhH-r.jpeg
female,19-25,white,1GPcvrmp.jpeg
male,50,black,qpDz6Hj2.jpeg
female,12-18,latino hispanic,bcj2L9EP.jpeg
female,19-25,white,9O0gUgXu.jpeg
male,35-50,latino hispanic,vuVizIYr.jpeg
male,35-50,white,vmk7kCKe.jpeg
male,26-35,indian,K2QDh_qs.jpeg
female,35-50,indian,QRyp6C2y.jpeg
female,26-35,indian,lOLLlVrm.jpeg
female,26-35,middle eastern,LuQRsJQx.jpeg
male,35-50,middle eastern,OSOTmYoo.jpeg
female,50,aisan,Cvu83CWV.jpeg
male,12-18,black,gxce8BTP.jpeg
female,12-18,latino hispanic,YLFmwVr2.jpeg
female,50,middle eastern,GLfkrkpz.jpeg
female,19-25,middle eastern,_A2WkAcr.jpeg
female,26-35,aisan,e3Kz0JVN.jpeg
male,12-18,aisan,iyf5AdBW.jpeg
male,35-50,black,rFUlbw7J.jpeg
female,12-18,indian,vqjzuHci.jpeg
female,50,latino hispanic,_AX_gkzz.jpeg
male,12-18,indian,gWMUrvB9.jpeg
male,50,black,UdKK3QoK.jpeg
female,35-50,aisan,1XUKJuJK.jpeg
male,12-18,latino hispanic,hWVAN1uf.jpeg
female,35-50,latino hispanic,GwHi50q5.jpeg
female,35-50,latino hispanic,wGgT5BiF.jpeg
male,19-25,middle eastern,ljqnuoTK.jpeg
female,19-25,aisan,WXj6LafI.jpeg
female,50,black,mgttmoos.jpeg
female,19-25,black,gmbI__za.jpeg
female,26-35,middle eastern,b4G7kev1.jpeg
male,35-50,aisan,mSRYXhVN.jpeg
male,19-25,indian,HbgUdLZR.jpeg
male,19-25,latino hispanic,ZZlWgqgG.jpeg
male,19-25,latino hispanic,rBa_t0oc.jpeg
male,19-25,white,wpvUramY.jpeg
female,35-50,white,e08kXuVN.jpeg
female,26-35,black,GjUkce6N.jpeg
female,12-18,aisan,-DztYnXs.jpeg
male,19-25,latino hispanic,GHCdwu9W.jpeg
female,12-18,aisan,EBfMrTEk.jpeg
male,19-25,middle eastern,IDhD10uJ.jpeg
male,19-25,black,6SboIjWV.jpeg
male,12-18,aisan,gOWvUY0f.jpeg
male,35-50,black,sIVYtIzA.jpeg
male,35-50,black,iqdXgPhy.jpeg
female,19-25,latino hispanic,Pk1ZWv39.jpeg
male,19-25,aisan,k2iXlmpe.jpeg
female,50,white,aCa2NBSU.jpeg
female,35-50,indian,mEhAEdhY.jpeg
female,35-50,black,1hSjIKyL.jpeg
male,19-25,black,gTFBIrvQ.jpeg
female,50,latino hispanic,zr7QCN-K.jpeg
female,50,indian,PtuJ0Ny6.jpeg
female,35-50,white,zt3_B497.jpeg
female,50,indian,ooYuR-Py.jpeg
male,35-50,latino hispanic,Xw4guJnT.jpeg
female,12-18,indian,23QnOOyY.jpeg
female,19-25,black,4m3bSeFI.jpeg
male,12-18,indian,xksBw10m.jpeg
male,35-50,middle eastern,a959_LLg.jpeg
male,19-25,black,TklRaYqG.jpeg
female,26-35,indian,zBTXG2VS.jpeg
female,35-50,indian,HzRAylON.jpeg
male,50,indian,OwVxgGnD.jpeg
male,12-18,latino hispanic,d_1RzVae.jpeg
female,26-35,black,lpzIRxzP.jpeg
male,50,middle eastern,sHQGstdX.jpeg
female,35-50,indian,hb4sh9Pi.jpeg
female,12-18,black,Sp9Eeb1-.jpeg
female,50,indian,qs6jmODP.jpeg
female,12-18,white,kMbpX0No.jpeg
female,19-25,white,4IzL0wvJ.jpeg
female,12-18,middle eastern,LxM0Hb5p.jpeg
male,19-25,indian,e_vx7mwt.jpeg
male,12-18,latino hispanic,7mdv5EZH.jpeg
female,12-18,indian,0m31caJt.jpeg
female,26-35,latino hispanic,xME7IMDz.jpeg
female,35-50,aisan,9_LBWcJD.jpeg
female,12-18,latino hispanic,KHkdnmN4.jpeg
female,35-50,indian,osDDKfHV.jpeg
male,12-18,white,z5UOIVLF.jpeg
male,19-25,indian,jxg73CVe.jpeg
female,26-35,white,U52CCiYr.jpeg
male,50,aisan,9px9cm5J.jpeg
male,19-25,indian,JyB2bWv7.jpeg
male,26-35,aisan,_qStlJcp.jpeg
female,50,middle eastern,NUwwJ3cr.jpeg
female,26-35,aisan,StzI95wL.jpeg
male,35-50,aisan,rDpoVNsC.jpeg
female,50,latino hispanic,NTd6PL-j.jpeg
female,26-35,latino hispanic,FqxY4OT5.jpeg
male,12-18,aisan,-p1vZi8j.jpeg
male,26-35,aisan,p1SjOmfl.jpeg
male,12-18,middle eastern,dxUpo2b_.jpeg
male,35-50,indian,oQvpjcwr.jpeg
male,26-35,black,BozZ1DdZ.jpeg
female,50,white,ND-Swk6W.jpeg
female,12-18,aisan,E8sVGFUl.jpeg
male,26-35,indian,1A7qC6mC.jpeg
female,19-25,white,qOEy-Oju.jpeg
female,26-35,middle eastern,IUbUGgzO.jpeg
female,26-35,black,HV_IYMz_.jpeg
female,50,middle eastern,mh3K7Rwa.jpeg
male,26-35,middle eastern,D9rTtPkK.jpeg
male,50,black,3AY9nbkK.jpeg
male,50,latino hispanic,UQsXLEVt.jpeg
male,12-18,black,xeDsOQRF.jpeg
female,26-35,indian,c33bA6NB.jpeg
female,19-25,white,yWZSgOEl.jpeg
female,35-50,indian,Mpzle0vu.jpeg
female,12-18,indian,fntbmTpv.jpeg
male,35-50,indian,q9NcrjPp.jpeg
female,35-50,indian,NIeLHdOl.jpeg
male,26-35,aisan,N41NC-bd.jpeg
male,19-25,indian,01bZjH_W.jpeg
female,19-25,black,Pse2PGLv.jpeg
male,12-18,indian,G_9ECejV.jpeg
female,35-50,white,lHJ_pDzm.jpeg
female,12-18,indian,_AvVxv3g.jpeg
male,19-25,aisan,Alv6PBEc.jpeg
male,35-50,middle eastern,i1MtM2Jb.jpeg
female,26-35,aisan,bw4Ym2yY.jpeg
female,26-35,latino hispanic,YZ_dDLzz.jpeg
male,26-35,middle eastern,5KxbrJ9w.jpeg
female,35-50,black,vg7qfMOz.jpeg
female,50,indian,UZZUkWwy.jpeg
female,26-35,black,Usn3Wwax.jpeg
female,19-25,black,2MhBQqDT.jpeg
female,26-35,latino hispanic,hO6yboCc.jpeg
female,35-50,black,94U_Xs8H.jpeg
female,50,white,HcBMJceM.jpeg
male,50,white,swEEjVlR.jpeg
male,26-35,black,2ZkPr6SB.jpeg
male,50,white,7hpoiWgi.jpeg
male,12-18,black,lywv3xKf.jpeg
male,26-35,black,AO0hATxt.jpeg
female,26-35,aisan,WG7U5UgR.jpeg
female,50,latino hispanic,evjIR5EL.jpeg
male,19-25,indian,BSaEQZ3l.jpeg
male,50,black,eLYBlzgY.jpeg
female,35-50,middle eastern,juybXxHs.jpeg
male,19-25,latino hispanic,cw9KCLGG.jpeg
male,26-35,indian,7L-ll3gm.jpeg
female,50,white,FEKCvFXE.jpeg
male,12-18,white,g_nJ4mMg.jpeg
male,12-18,latino hispanic,yiG9Rmx6.jpeg
female,12-18,black,ntk8cMQy.jpeg
male,19-25,black,LNEGXFv1.jpeg
female,19-25,latino hispanic,kl_jxlNj.jpeg
male,19-25,white,J70NBaJH.jpeg
male,12-18,black,dDp3UwCl.jpeg
male,19-25,aisan,KJhbgHzK.jpeg
female,19-25,aisan,yJR_wyjf.jpeg
female,26-35,indian,sqaPXFr6.jpeg
female,26-35,aisan,4qTcwoDa.jpeg
female,35-50,indian,QPF5RLTK.jpeg
male,19-25,white,9HenXfr1.jpeg
female,26-35,aisan,OoziERqS.jpeg
male,50,aisan,_E8KTkuz.jpeg
male,19-25,black,_ohY84PR.jpeg
female,26-35,black,beh8BBqv.jpeg
male,12-18,latino hispanic,8nT4v9jQ.jpeg
female,35-50,black,NFek19lE.jpeg
male,26-35,latino hispanic,bRqmevhx.jpeg
male,12-18,indian,qX7LN7u8.jpeg
male,12-18,black,3J8f7wOA.jpeg
female,50,black,b7NsZF80.jpeg
male,12-18,aisan,VmGqCUrW.jpeg
female,50,latino hispanic,rvs9cSQm.jpeg
female,26-35,latino hispanic,yyC_apdl.jpeg
female,19-25,middle eastern,jupuPEoL.jpeg
female,19-25,black,2O8VtVzR.jpeg
male,35-50,aisan,dZMTkVAD.jpeg
male,50,white,SN7xde3-.jpeg
male,19-25,black,WJUVmE6H.jpeg
male,35-50,middle eastern,1m20UGry.jpeg
male,12-18,white,lSQgoUsL.jpeg
female,50,black,8JbhE-ig.jpeg
male,50,black,352T_OTU.jpeg
female,35-50,black,cnqMwCRL.jpeg
male,19-25,aisan,NGDmtLbD.jpeg
female,35-50,aisan,zDuixNyl.jpeg
male,50,black,FXJdTR2H.jpeg
male,35-50,white,QIrYEBsg.jpeg
male,19-25,indian,wShuJBOc.jpeg
male,19-25,white,FbJ3M97e.jpeg
female,19-25,black,4WFUp1D0.jpeg
female,19-25,white,lOT_Fh3n.jpeg
female,50,latino hispanic,qFQMuYnI.jpeg
male,12-18,white,v3hnauGX.jpeg
female,19-25,white,U1i3zQW9.jpeg
female,26-35,middle eastern,Mz28n_d6.jpeg
male,19-25,middle eastern,9MlUE8xj.jpeg
female,19-25,black,R8Via3o_.jpeg
male,12-18,white,CjJdKZq7.jpeg
female,35-50,latino hispanic,4y2nAya5.jpeg
female,19-25,black,ZHMOulwj.jpeg
male,50,middle eastern,NFrhomzk.jpeg
male,19-25,white,kBlc_a9N.jpeg
male,12-18,black,ItSx1_lc.jpeg
male,26-35,black,zuNsBPcm.jpeg
female,50,latino hispanic,mOZCWJou.jpeg
male,26-35,middle eastern,IEeMFQNB.jpeg
male,35-50,black,26hmOw0s.jpeg
female,12-18,latino hispanic,DztofYKy.jpeg
female,12-18,white,jSUS0jSD.jpeg
male,26-35,indian,FIIJgWEO.jpeg
female,50,black,xY9rypkN.jpeg
female,12-18,middle eastern,_qg8zIYf.jpeg
female,12-18,indian,TkEtT7ev.jpeg
female,19-25,black,An7uSq8p.jpeg
male,19-25,middle eastern,H9LhUc5_.jpeg
male,35-50,latino hispanic,6v242RZ1.jpeg
male,50,middle eastern,HI280QTs.jpeg
female,50,middle eastern,bJKX4w5_.jpeg
female,19-25,white,JWOTAjOL.jpeg
female,50,indian,nqFsti69.jpeg
male,35-50,black,Uv4939wJ.jpeg
male,19-25,white,dV73qwdj.jpeg
female,35-50,middle eastern,xoyzXl1b.jpeg
male,19-25,aisan,bdeECZmQ.jpeg
female,35-50,black,hlgZ6OCQ.jpeg
female,26-35,middle eastern,mMXidM3_.jpeg
male,12-18,aisan,omntIW3g.jpeg
female,50,indian,8IYhteVn.jpeg
female,12-18,black,ualIuc2k.jpeg
male,12-18,indian,y3MyLzGb.jpeg
male,19-25,indian,z44UlHBi.jpeg
male,26-35,indian,KLmHqwI-.jpeg
male,35-50,indian,MaEgkXe4.jpeg
female,12-18,aisan,IPMnQQnl.jpeg
male,50,indian,NEon4tGj.jpeg
male,35-50,middle eastern,Y7q08kwc.jpeg
female,35-50,white,xPKv-JNC.jpeg
male,19-25,indian,gjavUAQr.jpeg
male,12-18,white,CIDhYrYf.jpeg
male,50,middle eastern,2hvkfG6i.jpeg
female,26-35,white,0PT0cEbE.jpeg
female,12-18,black,QlHlDXAn.jpeg
female,35-50,black,fQIizasQ.jpeg
female,35-50,indian,uUniB_ie.jpeg
male,12-18,indian,g8spUZCy.jpeg
male,19-25,white,LpulnmaF.jpeg
female,19-25,middle eastern,hOq4I7or.jpeg
female,19-25,black,nrUzvVkN.jpeg
male,19-25,indian,GXc3pRyh.jpeg
female,26-35,aisan,MyGl6Cmt.jpeg
male,12-18,latino hispanic,uhPui3Ep.jpeg
male,19-25,latino hispanic,WkCoWKOF.jpeg
male,35-50,middle eastern,9RTk787c.jpeg
male,26-35,black,xPXFHTFo.jpeg
female,19-25,black,Vog54EJO.jpeg
male,19-25,latino hispanic,CgxSCslg.jpeg
female,50,aisan,kNVHqprN.jpeg
male,50,aisan,4PHiCK7d.jpeg
female,12-18,black,6T4hCsyA.jpeg
male,19-25,aisan,bQMxyM-h.jpeg
male,19-25,indian,Zfa9JCBB.jpeg
female,19-25,latino hispanic,f2jcs66y.jpeg
female,35-50,white,OJMdcB5b.jpeg
female,35-50,black,fLLSr7If.jpeg
female,50,aisan,bIwMJRK4.jpeg
male,12-18,black,v5EyyAlM.jpeg
male,19-25,black,LbeNBbtD.jpeg
female,12-18,latino hispanic,-TEJbE0m.jpeg
female,26-35,indian,AWUAfXoP.jpeg
female,19-25,aisan,oApvOlxz.jpeg
female,50,aisan,JH2jpU-5.jpeg
female,26-35,white,VfvHEWMl.jpeg
male,12-18,latino hispanic,hevLbeSN.jpeg
female,50,indian,Rm1iJb_J.jpeg
female,12-18,middle eastern,a7rVdMsa.jpeg
male,50,latino hispanic,fMgaWXKu.jpeg
female,35-50,middle eastern,qdWcAxdk.jpeg
female,12-18,indian,sCtnrtE2.jpeg
male,12-18,white,KzHQFx_U.jpeg
female,19-25,black,F8NHheay.jpeg
male,12-18,aisan,xa5BobmX.jpeg
male,50,middle eastern,oZGEHSQm.jpeg
female,35-50,black,l6HYsh9z.jpeg
male,50,black,4vzBGi-y.jpeg
male,35-50,black,tyV5Ql1v.jpeg
female,50,white,m4VIcIzC.jpeg
female,12-18,indian,xlyuy0kN.jpeg
female,12-18,white,P0dAJ7Ib.jpeg
male,26-35,middle eastern,19ChcVz3.jpeg
male,26-35,black,Q8BmQUBj.jpeg
female,26-35,indian,c8IicOaw.jpeg
female,35-50,aisan,G_JkKJaM.jpeg
female,26-35,white,HhY-XH7T.jpeg
male,19-25,latino hispanic,2WqnegMI.jpeg
male,50,black,Bpogk5IH.jpeg
female,35-50,indian,yMonlwuo.jpeg
female,35-50,indian,gjNAvZxh.jpeg
male,12-18,indian,uf3qt981.jpeg
male,50,latino hispanic,oroo5kXP.jpeg
male,19-25,white,UnkXrgeS.jpeg
male,12-18,indian,6EkoETPJ.jpeg
female,12-18,aisan,pQVpOyjP.jpeg
male,12-18,middle eastern,UGiY8c_k.jpeg
male,19-25,middle eastern,aB3smOMn.jpeg
male,19-25,aisan,QpQdT2it.jpeg
male,35-50,middle eastern,OFCAOJNb.jpeg
male,35-50,latino hispanic,ZmXz_mhA.jpeg
male,19-25,aisan,7i97qH67.jpeg
male,26-35,white,49pqcGbn.jpeg
female,12-18,indian,9KeCSQgY.jpeg
female,26-35,aisan,H08_Ec4F.jpeg
female,12-18,black,ToXhKQfp.jpeg
female,35-50,black,C_BKTpdu.jpeg
male,26-35,black,OBrt2ohB.jpeg
female,12-18,aisan,7XnrXwJH.jpeg
female,35-50,latino hispanic,7ZkLw-uS.jpeg
male,50,black,wGWR33M5.jpeg
female,26-35,indian,RJzTj1Z2.jpeg
female,19-25,black,7MV9zTZo.jpeg
female,12-18,white,wTPq43G3.jpeg
male,35-50,aisan,k9uIcqBa.jpeg
female,19-25,indian,PdkltdLv.jpeg
female,50,aisan,mjbHSG6b.jpeg
male,19-25,aisan,Qm_J1Kgg.jpeg
male,35-50,black,GOlqWpky.jpeg
male,26-35,indian,14R_fAFE.jpeg
female,50,middle eastern,C7cbPF7n.jpeg
female,50,white,5CE1YM0_.jpeg
male,19-25,middle eastern,2kDlhqvg.jpeg
male,50,middle eastern,qLfjMDJD.jpeg
male,35-50,white,C13AG6Qr.jpeg
female,50,indian,X9mPseS0.jpeg
female,12-18,indian,tZgjLKsp.jpeg
female,35-50,latino hispanic,kizk32Ik.jpeg
female,35-50,middle eastern,yMm3A1Wj.jpeg
male,35-50,indian,TS34oH5l.jpeg
male,19-25,latino hispanic,M5ViHo95.jpeg
female,19-25,aisan,H5hq3MT8.jpeg
female,26-35,aisan,-vswLdrI.jpeg
male,50,middle eastern,z9mNdB5s.jpeg
male,19-25,middle eastern,8wrmkwq3.jpeg
female,26-35,aisan,khAjGuks.jpeg
female,50,middle eastern,lCfiTZSY.jpeg
male,35-50,white,E3DsJQvS.jpeg
female,26-35,indian,VFLb8sA1.jpeg
female,35-50,aisan,FLbgggEB.jpeg
male,35-50,white,FWSFcp2r.jpeg
male,35-50,indian,8jTolt7B.jpeg
female,50,latino hispanic,BRjt_oGs.jpeg
female,35-50,aisan,L-ARtHLT.jpeg
male,19-25,indian,CQGYW8TO.jpeg
male,35-50,indian,pBB0ivEA.jpeg
female,26-35,latino hispanic,4IU5cwAj.jpeg
male,12-18,aisan,5cyErBlD.jpeg
male,19-25,aisan,D9pGIIm-.jpeg
male,26-35,black,x53exW4_.jpeg
female,12-18,middle eastern,7t40wHSD.jpeg
female,35-50,latino hispanic,M0YpfKiQ.jpeg
male,35-50,aisan,QOwxUEz4.jpeg
male,35-50,latino hispanic,-oQy8b4E.jpeg
male,35-50,latino hispanic,2MsVzfCg.jpeg
female,35-50,aisan,SaWW-jnT.jpeg
female,50,latino hispanic,SnHaCv4M.jpeg
female,19-25,aisan,kW9jaLtY.jpeg
male,50,indian,nYhiFuwy.jpeg
female,12-18,latino hispanic,VbT_4wRh.jpeg
male,50,black,wCKdCPhz.jpeg
female,50,white,iSB2wy5I.jpeg
female,19-25,black,yVH3HyEs.jpeg
male,35-50,black,akEcvC3M.jpeg
male,50,latino hispanic,gMYWb_uU.jpeg
male,26-35,black,OZGxCMWM.jpeg
female,50,white,1knGKLOT.jpeg
female,50,latino hispanic,IzjtULZT.jpeg
female,26-35,aisan,bU-ugSYr.jpeg
male,12-18,indian,9nq41uPL.jpeg
female,12-18,latino hispanic,AtTIxa3f.jpeg
female,35-50,latino hispanic,S_JwMgv2.jpeg
male,19-25,white,vdHWmQvY.jpeg
female,26-35,black,c4o_4zAO.jpeg
female,50,white,s5SQXB_M.jpeg
female,12-18,black,YL8CeepX.jpeg
female,26-35,black,1fSD1dtX.jpeg
female,26-35,indian,WFAcl9ol.jpeg
female,12-18,aisan,Wt7i3QuL.jpeg
male,50,black,OAxUZNWf.jpeg
female,50,middle eastern,eDdofA1B.jpeg
female,26-35,indian,Tn9Z-b3q.jpeg
male,12-18,aisan,4Y0ZWq6Q.jpeg
female,19-25,white,Da2TUhdZ.jpeg
female,26-35,white,7zW5Y2fQ.jpeg
male,50,middle eastern,usAv_2Jz.jpeg
male,19-25,aisan,0lRJcRRO.jpeg
male,35-50,indian,ajmDRHSr.jpeg
female,35-50,indian,tHAY8Lzt.jpeg
female,35-50,white,MmIPc_gJ.jpeg
female,35-50,indian,eGM4OIrI.jpeg
female,50,middle eastern,m0-vTzdH.jpeg
male,19-25,aisan,cTtGYSkc.jpeg
female,12-18,middle eastern,EGyp1Mn1.jpeg
male,50,middle eastern,Rw37E7Ma.jpeg
female,50,white,Rc0eRJ6K.jpeg
female,19-25,middle eastern,21AAH3Jh.jpeg
male,35-50,middle eastern,oqKG4RIM.jpeg
female,26-35,aisan,KLm5oa8U.jpeg
female,50,black,JqDYjIfy.jpeg
male,50,aisan,MUs3eMtD.jpeg
male,19-25,aisan,tub20aPB.jpeg
female,12-18,indian,zFOU9JAD.jpeg
male,26-35,middle eastern,C7U6jdCh.jpeg
female,35-50,middle eastern,cZ1xS-ZM.jpeg
female,50,indian,fRRncJph.jpeg
male,19-25,aisan,6qAZT9Lm.jpeg
male,26-35,latino hispanic,H6KhKzmx.jpeg
male,26-35,white,78kW_vQf.jpeg
male,50,latino hispanic,-pMCT1_H.jpeg
female,12-18,indian,CH2mhNJA.jpeg
male,50,latino hispanic,tTEEkUrL.jpeg
male,50,aisan,Kj2sEMRO.jpeg
male,19-25,latino hispanic,OMoJQjaC.jpeg
female,19-25,white,SnrRrxLc.jpeg
male,19-25,white,DK-DIiap.jpeg
female,50,aisan,zkmkvGEe.jpeg
female,50,white,xfzMDQms.jpeg
male,26-35,latino hispanic,RV1RFdnR.jpeg
male,12-18,indian,lHWlW_Pj.jpeg
female,26-35,indian,1N8qqHjc.jpeg
male,12-18,black,0D56Fjnq.jpeg
female,50,aisan,jAUfcN0d.jpeg
male,35-50,black,zxTV5YeZ.jpeg
male,12-18,white,ShRM9sA3.jpeg
male,26-35,aisan,a6JN5epV.jpeg
female,35-50,white,dr2q1FxX.jpeg
female,50,white,cTh0mQsr.jpeg
male,12-18,black,2Mj4HhHH.jpeg
female,12-18,black,p_NbSh-N.jpeg
female,35-50,indian,F2CY2Bqr.jpeg
female,35-50,indian,r-J1bPSc.jpeg
male,12-18,aisan,nVhcBLer.jpeg
male,26-35,latino hispanic,C4AT99Lh.jpeg
female,19-25,aisan,VWW218Rf.jpeg
female,50,middle eastern,yU6qWcA6.jpeg
female,35-50,middle eastern,xhsAB-ct.jpeg
female,50,black,1nf-5h0x.jpeg
female,35-50,indian,8vpSfIoT.jpeg
male,12-18,white,jKOoNJAa.jpeg
female,12-18,indian,NJwTlkUG.jpeg
female,12-18,middle eastern,_fypGwhg.jpeg
male,12-18,aisan,u_2cAI_2.jpeg
male,35-50,indian,SRPBJiZ3.jpeg
female,35-50,white,-sncbfpz.jpeg
male,50,middle eastern,w-44XP7u.jpeg
female,19-25,aisan,SNylAjsc.jpeg
male,12-18,black,bu1aRrMk.jpeg
male,26-35,aisan,Ky5EKut0.jpeg
female,12-18,middle eastern,Vj7ojIC1.jpeg
